Average_Mass,Sum_Intensity,Number_of_Charge_States,Number_of_Detected_Intervals,Relative_Abundance,Fractional_Abundance,Scan_Range,RT_Range,Apex_RT,matchname,error,matchedmass,seq,numpeb,seqvar,ox,methyl,subunit,subunit_frac_abundance
18977.25,16413820000,14,41,100,42.9874,4492-5659,8.555-10.750,9.354,>alphaminus0residues2peb,51.36360642,18978.22474,MKSVITTVVSAADAAGRFPSNSDLESIQGNIQRSAARLEAAEKLAGNHEAVVKEAGDACFAKYAYLKNPGEAGENQEKINKCYRDVDHYMRLVNYCLVVGGTGPLDEWGIAGAREVYRTLNLPTSAYVASIAYTRDRLCVPRDMSAQAGVEFSAYLDYLINALS,2,0,0,0,alpha,100
20327.25,8378488000,15,21,51.0453,21.9431,6500-7245,12.350-13.750,12.85,>betaminus0residues3pebMethyl,40.76104736,20328.07856,MLDAFSRVVVNSDAKAAYVGGSDLQALKSFIADGNKRLDAVNSIVSNASCMVSDAVSGMICENPGLISPGGNCYTNRRMAACLRDGEIILRYVSYALLAGDASVLEDRCLNGLKETYIALGVPTNSSIRAVSIMKAQAVAFITNTATERKMSFAAGDCTSLASEVASYFDRVGAAIS,3,0,0,1,beta,100
20343.38,7184647000,15,27,43.7719,18.8164,6185-7245,11.760-13.750,12.65,>betaminus0residues3pebMethyl1Ox,34.30894964,20344.07796,MLDAFSRVVVNSDAKAAYVGGSDLQALKSFIADGNKRLDAVNSIVSNASCMVSDAVSGMICENPGLISPGGNCYTNRRMAACLRDGEIILRYVSYALLAGDASVLEDRCLNGLKETYIALGVPTNSSIRAVSIMKAQAVAFITNTATERKMSFAAGDCTSLASEVASYFDRVGAAIS,3,0,1,1,beta,85.75111643
20327.75,555560200,13,13,3.3847,1.455,6238-6631,11.860-12.600,12.55,>betaminus0residues3pebMethyl,16.16312676,20328.07856,MLDAFSRVVVNSDAKAAYVGGSDLQALKSFIADGNKRLDAVNSIVSNASCMVSDAVSGMICENPGLISPGGNCYTNRRMAACLRDGEIILRYVSYALLAGDASVLEDRCLNGLKETYIALGVPTNSSIRAVSIMKAQAVAFITNTATERKMSFAAGDCTSLASEVASYFDRVGAAIS,3,0,0,1,beta,6.63079305
20359.47,416402800,13,11,2.5369,1.0905,6133-6578,11.660-12.500,12.1,>betaminus0residues3pebMethyl2Ox,29.83181782,20360.07736,MLDAFSRVVVNSDAKAAYVGGSDLQALKSFIADGNKRLDAVNSIVSNASCMVSDAVSGMICENPGLISPGGNCYTNRRMAACLRDGEIILRYVSYALLAGDASVLEDRCLNGLKETYIALGVPTNSSIRAVSIMKAQAVAFITNTATERKMSFAAGDCTSLASEVASYFDRVGAAIS,3,0,2,1,beta,4.969903878
18390.15,212611700,12,13,1.2953,0.5568,4466-4859,8.505-9.252,9.005,>alphaminus0residues1peb,75.95044086,18391.54674,MKSVITTVVSAADAAGRFPSNSDLESIQGNIQRSAARLEAAEKLAGNHEAVVKEAGDACFAKYAYLKNPGEAGENQEKINKCYRDVDHYMRLVNYCLVVGGTGPLDEWGIAGAREVYRTLNLPTSAYVASIAYTRDRLCVPRDMSAQAGVEFSAYLDYLINALS,1,0,0,0,alpha,1.29532126
27378.95,187332300,23,9,1.1413,0.4906,2260-2626,4.306-5.002,4.804,>gamma4minus49residues5peb,35.07950451,27379.91044,KKTAKQTKNKVDEYMARSVQRQYKQAAVATGVYGTQCTEGTVKGAAEASRSAALSRQFRIKQRSAFSKAHDLFEFRKHAIIAAAGCSYEEKMVTRFPKLAAAMVLGQTEMMRTCSRYVVPESVEEEYMAASVDKQMKRRGAPGGVYSLSCAEGVAKGQAEIARVSALGAAYRAASKSASAVTAERYNSMAYGRVHFAHGCSYEEQQFNKYPAAAAAMRSDSYGY,5,-49,0,0,gamma4,100
20360.24,183618200,12,7,1.1187,0.4809,6211-6604,11.800-12.550,12.5,>betaminus0residues3pebMethyl2Ox,7.988118018,20360.07736,MLDAFSRVVVNSDAKAAYVGGSDLQALKSFIADGNKRLDAVNSIVSNASCMVSDAVSGMICENPGLISPGGNCYTNRRMAACLRDGEIILRYVSYALLAGDASVLEDRCLNGLKETYIALGVPTNSSIRAVSIMKAQAVAFITNTATERKMSFAAGDCTSLASEVASYFDRVGAAIS,3,0,2,1,beta,2.191543391
27250.97,147423300,23,8,0.8982,0.3861,2260-2626,4.306-5.002,4.804,>gamma4minus50residues5peb,28.18541872,27251.73808,KTAKQTKNKVDEYMARSVQRQYKQAAVATGVYGTQCTEGTVKGAAEASRSAALSRQFRIKQRSAFSKAHDLFEFRKHAIIAAAGCSYEEKMVTRFPKLAAAMVLGQTEMMRTCSRYVVPESVEEEYMAASVDKQMKRRGAPGGVYSLSCAEGVAKGQAEIARVSALGAAYRAASKSASAVTAERYNSMAYGRVHFAHGCSYEEQQFNKYPAAAAAMRSDSYGY,5,-50,0,0,gamma4,78.69614583
27449.9,136219400,23,7,0.8299,0.3568,2391-2626,4.555-5.002,4.804,>gamma4minus48residues5peb,39.64968907,27450.98838,AKKTAKQTKNKVDEYMARSVQRQYKQAAVATGVYGTQCTEGTVKGAAEASRSAALSRQFRIKQRSAFSKAHDLFEFRKHAIIAAAGCSYEEKMVTRFPKLAAAMVLGQTEMMRTCSRYVVPESVEEEYMAASVDKQMKRRGAPGGVYSLSCAEGVAKGQAEIARVSALGAAYRAASKSASAVTAERYNSMAYGRVHFAHGCSYEEQQFNKYPAAAAAMRSDSYGY,5,-48,0,0,gamma4,72.71538331
19006,106844100,12,3,0.6509,0.2798,5082-5186,9.655-9.853,9.754,>alphaminus5residues3peb,8.795117331,19006.16716,TTVVSAADAAGRFPSNSDLESIQGNIQRSAARLEAAEKLAGNHEAVVKEAGDACFAKYAYLKNPGEAGENQEKINKCYRDVDHYMRLVNYCLVVGGTGPLDEWGIAGAREVYRTLNLPTSAYVASIAYTRDRLCVPRDMSAQAGVEFSAYLDYLINALS,3,-5,0,0,alpha,0.650939879
19009.79,101011000,12,8,0.6154,0.2645,4492-4859,8.555-9.252,9.154,>betaminus1residues1peb,15.33104784,19009.49856,LDAFSRVVVNSDAKAAYVGGSDLQALKSFIADGNKRLDAVNSIVSNASCMVSDAVSGMICENPGLISPGGNCYTNRRMAACLRDGEIILRYVSYALLAGDASVLEDRCLNGLKETYIALGVPTNSSIRAVSIMKAQAVAFITNTATERKMSFAAGDCTSLASEVASYFDRVGAAIS,1,-1,0,0,beta,1.205599387
20344.62,82022070,12,5,0.4997,0.2148,6211-6368,11.800-12.100,12.05,>betaminus0residues3pebMethyl1Ox,26.64291592,20344.07796,MLDAFSRVVVNSDAKAAYVGGSDLQALKSFIADGNKRLDAVNSIVSNASCMVSDAVSGMICENPGLISPGGNCYTNRRMAACLRDGEIILRYVSYALLAGDASVLEDRCLNGLKETYIALGVPTNSSIRAVSIMKAQAVAFITNTATERKMSFAAGDCTSLASEVASYFDRVGAAIS,3,0,1,1,beta,0.978960285
27597.57,79030900,21,9,0.4815,0.207,2181-2626,4.155-5.002,4.804,>gamma4minus47residues5peb1Ox,22.2802225,27598.18488,MAKKTAKQTKNKVDEYMARSVQRQYKQAAVATGVYGTQCTEGTVKGAAEASRSAALSRQFRIKQRSAFSKAHDLFEFRKHAIIAAAGCSYEEKMVTRFPKLAAAMVLGQTEMMRTCSRYVVPESVEEEYMAASVDKQMKRRGAPGGVYSLSCAEGVAKGQAEIARVSALGAAYRAASKSASAVTAERYNSMAYGRVHFAHGCSYEEQQFNKYPAAAAAMRSDSYGY,5,-47,1,0,gamma4,42.18754587
29026.4,59784470,20,9,0.3642,0.1566,1472-1812,2.805-3.452,3.154,>gamma1minus98residues5peb2Ox,74.02295841,29028.54862,GTLKRSKDPSGLRLGFYGRKADDFMARSIAMQAKASAAGSGVYTTQCSEGASKGMAENARTASLAKQFRQAQRSAREMSFDYYEGRKYAMKAVGHICNYEEKIFQQYNKTAAAYVMGKQETLLSCDRYAQPANKAEEYIQKSVQMQMKKRSIPYGVYTTSCADGTVKGMAENARVAKESANFRARQMSAGAKAAARFNARRVANDWHNNGCNYEEKLTSRFPAAASSVRPTTNRY,5,-98,2,0,gamma1,100
29011.51,55338640,21,5,0.3371,0.1449,1525-1681,2.905-3.203,3.054,>gamma1minus98residues5peb1Ox,35.8209552,29012.54922,GTLKRSKDPSGLRLGFYGRKADDFMARSIAMQAKASAAGSGVYTTQCSEGASKGMAENARTASLAKQFRQAQRSAREMSFDYYEGRKYAMKAVGHICNYEEKIFQQYNKTAAAYVMGKQETLLSCDRYAQPANKAEEYIQKSVQMQMKKRSIPYGVYTTSCADGTVKGMAENARVAKESANFRARQMSAGAKAAARFNARRVANDWHNNGCNYEEKLTSRFPAAASSVRPTTNRY,5,-98,1,0,gamma1,92.56357044
27580.75,52141030,21,7,0.3177,0.1366,2417-2626,4.605-5.002,4.804,>gamma4minus47residues5peb,52.04644544,27582.18548,MAKKTAKQTKNKVDEYMARSVQRQYKQAAVATGVYGTQCTEGTVKGAAEASRSAALSRQFRIKQRSAFSKAHDLFEFRKHAIIAAAGCSYEEKMVTRFPKLAAAMVLGQTEMMRTCSRYVVPESVEEEYMAASVDKQMKRRGAPGGVYSLSCAEGVAKGQAEIARVSALGAAYRAASKSASAVTAERYNSMAYGRVHFAHGCSYEEQQFNKYPAAAAAMRSDSYGY,5,-47,0,0,gamma4,27.83344357
27702.23,44904260,20,12,0.2736,0.1176,1734-2075,3.304-3.953,3.454,>gamma2minus60residues4peb3Ox,6.931571935,27702.03798,ARVARNKSQAKKILEKADEFFARSVTMQYKAFACPNGVYDIQCTEGTVKGAAYEKRAMAVSAAFRAKQASPAAKARALFENRRHAIIASHECQHEEDLFVRFPKLSAAYMMGKTEAMRTCSRYVVPDSLEEEYMAASVDRQMKERACPGGVYASSCVEGNAKGQAEQARVAALATAFRSAQKSASKTTAERYSSAAYGRDHFAHGCSYEESVFNTYPATAAAMRSKSYNY,4,-60,3,0,gamma2,100
19007.97,44776220,12,6,0.2728,0.1173,5056-5370,9.606-10.200,9.654,>betaminus1residues1peb,80.41679359,19009.49856,LDAFSRVVVNSDAKAAYVGGSDLQALKSFIADGNKRLDAVNSIVSNASCMVSDAVSGMICENPGLISPGGNCYTNRRMAACLRDGEIILRYVSYALLAGDASVLEDRCLNGLKETYIALGVPTNSSIRAVSIMKAQAVAFITNTATERKMSFAAGDCTSLASEVASYFDRVGAAIS,1,-1,0,0,beta,0.534418859
27395.42,44108710,20,9,0.2687,0.1155,2128-2521,4.055-4.803,4.203,>gamma4minus49residues5peb1Ox,17.88036102,27395.90984,KKTAKQTKNKVDEYMARSVQRQYKQAAVATGVYGTQCTEGTVKGAAEASRSAALSRQFRIKQRSAFSKAHDLFEFRKHAIIAAAGCSYEEKMVTRFPKLAAAMVLGQTEMMRTCSRYVVPESVEEEYMAASVDKQMKRRGAPGGVYSLSCAEGVAKGQAEIARVSALGAAYRAASKSASAVTAERYNSMAYGRVHFAHGCSYEEQQFNKYPAAAAAMRSDSYGY,5,-49,1,0,gamma4,23.54570461
28995.21,44100590,21,5,0.2687,0.1155,1551-1786,2.955-3.403,3.104,>gamma1minus98residues5peb,46.208322,28996.54982,GTLKRSKDPSGLRLGFYGRKADDFMARSIAMQAKASAAGSGVYTTQCSEGASKGMAENARTASLAKQFRQAQRSAREMSFDYYEGRKYAMKAVGHICNYEEKIFQQYNKTAAAYVMGKQETLLSCDRYAQPANKAEEYIQKSVQMQMKKRSIPYGVYTTSCADGTVKGMAENARVAKESANFRARQMSAGAKAAARFNARRVANDWHNNGCNYEEKLTSRFPAAASSVRPTTNRY,5,-98,0,0,gamma1,73.76596297
20283.54,43446410,12,11,0.2647,0.1138,6904-7219,13.100-13.700,13.2,>betaminus6residues4peb3Ox,20.53191898,20283.95646,RVVVNSDAKAAYVGGSDLQALKSFIADGNKRLDAVNSIVSNASCMVSDAVSGMICENPGLISPGGNCYTNRRMAACLRDGEIILRYVSYALLAGDASVLEDRCLNGLKETYIALGVPTNSSIRAVSIMKAQAVAFITNTATERKMSFAAGDCTSLASEVASYFDRVGAAIS,4,-6,3,0,beta,0.518547141
29009.93,42508660,20,4,0.259,0.1113,1656-1786,3.155-3.403,3.204,>gamma1minus98residues5peb1Ox,90.28701552,29012.54922,GTLKRSKDPSGLRLGFYGRKADDFMARSIAMQAKASAAGSGVYTTQCSEGASKGMAENARTASLAKQFRQAQRSAREMSFDYYEGRKYAMKAVGHICNYEEKIFQQYNKTAAAYVMGKQETLLSCDRYAQPANKAEEYIQKSVQMQMKKRSIPYGVYTTSCADGTVKGMAENARVAKESANFRARQMSAGAKAAARFNARRVANDWHNNGCNYEEKLTSRFPAAASSVRPTTNRY,5,-98,1,0,gamma1,71.10318114
27858.21,36557320,20,11,0.2227,0.0957,1682-2127,3.205-4.053,3.354,>gamma4minus45residues5peb3Ox,27.3721822,27857.44746,ARMAKKTAKQTKNKVDEYMARSVQRQYKQAAVATGVYGTQCTEGTVKGAAEASRSAALSRQFRIKQRSAFSKAHDLFEFRKHAIIAAAGCSYEEKMVTRFPKLAAAMVLGQTEMMRTCSRYVVPESVEEEYMAASVDKQMKRRGAPGGVYSLSCAEGVAKGQAEIARVSALGAAYRAASKSASAVTAERYNSMAYGRVHFAHGCSYEEQQFNKYPAAAAAMRSDSYGY,5,-45,3,0,gamma4,19.51469127
19028.01,33516210,12,5,0.2042,0.0878,5213-5396,9.904-10.250,10.1,>alphaminus0residues2peb3Ox,93.91733555,19026.22294,MKSVITTVVSAADAAGRFPSNSDLESIQGNIQRSAARLEAAEKLAGNHEAVVKEAGDACFAKYAYLKNPGEAGENQEKINKCYRDVDHYMRLVNYCLVVGGTGPLDEWGIAGAREVYRTLNLPTSAYVASIAYTRDRLCVPRDMSAQAGVEFSAYLDYLINALS,2,0,3,0,alpha,0.204195062
28028.31,31961150,17,9,0.1947,0.0837,1708-2127,3.254-4.053,3.354,>gamma2minus62residues5peb1Ox,40.79446816,28029.4534,VARNKSQAKKILEKADEFFARSVTMQYKAFACPNGVYDIQCTEGTVKGAAYEKRAMAVSAAFRAKQASPAAKARALFENRRHAIIASHECQHEEDLFVRFPKLSAAYMMGKTEAMRTCSRYVVPDSLEEEYMAASVDRQMKERACPGGVYASSCVEGNAKGQAEQARVAALATAFRSAQKSASKTTAERYSSAAYGRDHFAHGCSYEESVFNTYPATAAAMRSKSYNY,5,-62,1,0,gamma2,71.17620912
29139.72,31677290,19,10,0.193,0.083,1498-2049,2.854-3.904,3.204,>gamma1minus97residues5peb2Ox,68.16469067,29141.7063,LGTLKRSKDPSGLRLGFYGRKADDFMARSIAMQAKASAAGSGVYTTQCSEGASKGMAENARTASLAKQFRQAQRSAREMSFDYYEGRKYAMKAVGHICNYEEKIFQQYNKTAAAYVMGKQETLLSCDRYAQPANKAEEYIQKSVQMQMKKRSIPYGVYTTSCADGTVKGMAENARVAKESANFRARQMSAGAKAAARFNARRVANDWHNNGCNYEEKLTSRFPAAASSVRPTTNRY,5,-97,2,0,gamma1,52.98581722
27267.28,31394040,20,10,0.1913,0.0822,2128-2547,4.055-4.852,4.203,>gamma4minus50residues5peb1Ox,16.77761772,27267.73748,KTAKQTKNKVDEYMARSVQRQYKQAAVATGVYGTQCTEGTVKGAAEASRSAALSRQFRIKQRSAFSKAHDLFEFRKHAIIAAAGCSYEEKMVTRFPKLAAAMVLGQTEMMRTCSRYVVPESVEEEYMAASVDKQMKRRGAPGGVYSLSCAEGVAKGQAEIARVSALGAAYRAASKSASAVTAERYNSMAYGRVHFAHGCSYEEQQFNKYPAAAAAMRSDSYGY,5,-50,1,0,gamma4,16.75847678
27685.93,29539580,19,8,0.18,0.0774,1918-2180,3.654-4.153,3.804,>gamma2minus60residues4peb2Ox,3.921847668,27686.03858,ARVARNKSQAKKILEKADEFFARSVTMQYKAFACPNGVYDIQCTEGTVKGAAYEKRAMAVSAAFRAKQASPAAKARALFENRRHAIIASHECQHEEDLFVRFPKLSAAYMMGKTEAMRTCSRYVVPDSLEEEYMAASVDRQMKERACPGGVYASSCVEGNAKGQAEQARVAALATAFRSAQKSASKTTAERYSSAAYGRDHFAHGCSYEESVFNTYPATAAAMRSKSYNY,4,-60,2,0,gamma2,65.7834691
27411.49,28560150,18,8,0.174,0.0748,1866-2311,3.556-4.403,3.754,>gamma4minus49residues5peb2Ox,15.29431636,27411.90924,KKTAKQTKNKVDEYMARSVQRQYKQAAVATGVYGTQCTEGTVKGAAEASRSAALSRQFRIKQRSAFSKAHDLFEFRKHAIIAAAGCSYEEKMVTRFPKLAAAMVLGQTEMMRTCSRYVVPESVEEEYMAASVDKQMKRRGAPGGVYSLSCAEGVAKGQAEIARVSALGAAYRAASKSASAVTAERYNSMAYGRVHFAHGCSYEEQQFNKYPAAAAAMRSDSYGY,5,-49,2,0,gamma4,15.24571577
27929.28,27705450,18,10,0.1688,0.0726,1498-2022,2.854-3.853,3.354,>gamma4minus44residues5peb2Ox,27.01824036,27928.5254,SARMAKKTAKQTKNKVDEYMARSVQRQYKQAAVATGVYGTQCTEGTVKGAAEASRSAALSRQFRIKQRSAFSKAHDLFEFRKHAIIAAAGCSYEEKMVTRFPKLAAAMVLGQTEMMRTCSRYVVPESVEEEYMAASVDKQMKRRGAPGGVYSLSCAEGVAKGQAEIARVSALGAAYRAASKSASAVTAERYNSMAYGRVHFAHGCSYEEQQFNKYPAAAAAMRSDSYGY,5,-44,2,0,gamma4,14.7894677
29043.41,26738260,19,6,0.1629,0.07,1498-1681,2.854-3.203,3.004,>gamma1minus98residues5peb3Ox,39.18341545,29044.54802,GTLKRSKDPSGLRLGFYGRKADDFMARSIAMQAKASAAGSGVYTTQCSEGASKGMAENARTASLAKQFRQAQRSAREMSFDYYEGRKYAMKAVGHICNYEEKIFQQYNKTAAAYVMGKQETLLSCDRYAQPANKAEEYIQKSVQMQMKKRSIPYGVYTTSCADGTVKGMAENARVAKESANFRARQMSAGAKAAARFNARRVANDWHNNGCNYEEKLTSRFPAAASSVRPTTNRY,5,-98,3,0,gamma1,44.72442425
29124.65,25849440,19,5,0.1575,0.0677,1525-1681,2.905-3.203,3.054,>gamma1minus97residues5peb1Ox,36.28884811,29125.7069,LGTLKRSKDPSGLRLGFYGRKADDFMARSIAMQAKASAAGSGVYTTQCSEGASKGMAENARTASLAKQFRQAQRSAREMSFDYYEGRKYAMKAVGHICNYEEKIFQQYNKTAAAYVMGKQETLLSCDRYAQPANKAEEYIQKSVQMQMKKRSIPYGVYTTSCADGTVKGMAENARVAKESANFRARQMSAGAKAAARFNARRVANDWHNNGCNYEEKLTSRFPAAASSVRPTTNRY,5,-97,1,0,gamma1,43.23771709
20371.28,25681030,12,5,0.1565,0.0673,6931-7087,13.160-13.450,13.2,>betaminus5residues4peb3Ox,12.08564214,20371.0338,SRVVVNSDAKAAYVGGSDLQALKSFIADGNKRLDAVNSIVSNASCMVSDAVSGMICENPGLISPGGNCYTNRRMAACLRDGEIILRYVSYALLAGDASVLEDRCLNGLKETYIALGVPTNSSIRAVSIMKAQAVAFITNTATERKMSFAAGDCTSLASEVASYFDRVGAAIS,4,-5,3,0,beta,0.306511509
27466,25544940,21,6,0.1556,0.0669,2128-2416,4.055-4.603,4.203,>gamma4minus48residues5peb1Ox,35.96373698,27466.98778,AKKTAKQTKNKVDEYMARSVQRQYKQAAVATGVYGTQCTEGTVKGAAEASRSAALSRQFRIKQRSAFSKAHDLFEFRKHAIIAAAGCSYEEKMVTRFPKLAAAMVLGQTEMMRTCSRYVVPESVEEEYMAASVDKQMKRRGAPGGVYSLSCAEGVAKGQAEIARVSALGAAYRAASKSASAVTAERYNSMAYGRVHFAHGCSYEEQQFNKYPAAAAAMRSDSYGY,5,-48,1,0,gamma4,13.63616419
27109.56,22682600,19,7,0.1382,0.0594,2076-2311,3.955-4.403,4.203,>gamma1minus100residues2peb2Ox,29.48553942,27110.35934,LKRSKDPSGLRLGFYGRKADDFMARSIAMQAKASAAGSGVYTTQCSEGASKGMAENARTASLAKQFRQAQRSAREMSFDYYEGRKYAMKAVGHICNYEEKIFQQYNKTAAAYVMGKQETLLSCDRYAQPANKAEEYIQKSVQMQMKKRSIPYGVYTTSCADGTVKGMAENARVAKESANFRARQMSAGAKAAARFNARRVANDWHNNGCNYEEKLTSRFPAAASSVRPTTNRY,2,-100,2,0,gamma1,37.94062237
29027.75,22508320,20,3,0.1371,0.0589,1498-1602,2.854-3.053,3.004,>gamma1minus98residues5peb2Ox,27.51229427,29028.54862,GTLKRSKDPSGLRLGFYGRKADDFMARSIAMQAKASAAGSGVYTTQCSEGASKGMAENARTASLAKQFRQAQRSAREMSFDYYEGRKYAMKAVGHICNYEEKIFQQYNKTAAAYVMGKQETLLSCDRYAQPANKAEEYIQKSVQMQMKKRSIPYGVYTTSCADGTVKGMAENARVAKESANFRARQMSAGAKAAARFNARRVANDWHNNGCNYEEKLTSRFPAAASSVRPTTNRY,5,-98,2,0,gamma1,37.64910854
27282.97,22328780,21,6,0.136,0.0585,1892-2285,3.605-4.353,3.754,>gamma4minus50residues5peb2Ox,28.10837676,27283.73688,KTAKQTKNKVDEYMARSVQRQYKQAAVATGVYGTQCTEGTVKGAAEASRSAALSRQFRIKQRSAFSKAHDLFEFRKHAIIAAAGCSYEEKMVTRFPKLAAAMVLGQTEMMRTCSRYVVPESVEEEYMAASVDKQMKRRGAPGGVYSLSCAEGVAKGQAEIARVSALGAAYRAASKSASAVTAERYNSMAYGRVHFAHGCSYEEQQFNKYPAAAAAMRSDSYGY,5,-50,2,0,gamma4,11.91934333
27613.49,20020590,17,10,0.122,0.0524,1892-2495,3.605-4.753,4.203,>gamma4minus47residues5peb2Ox,25.14278347,27614.18428,MAKKTAKQTKNKVDEYMARSVQRQYKQAAVATGVYGTQCTEGTVKGAAEASRSAALSRQFRIKQRSAFSKAHDLFEFRKHAIIAAAGCSYEEKMVTRFPKLAAAMVLGQTEMMRTCSRYVVPESVEEEYMAASVDKQMKRRGAPGGVYSLSCAEGVAKGQAEIARVSALGAAYRAASKSASAVTAERYNSMAYGRVHFAHGCSYEEQQFNKYPAAAAAMRSDSYGY,5,-47,2,0,gamma4,10.68720664
28012.69,18944370,20,4,0.1154,0.0496,1866-1996,3.556-3.803,3.704,>gamma2minus62residues5peb,27.27335361,28013.454,VARNKSQAKKILEKADEFFARSVTMQYKAFACPNGVYDIQCTEGTVKGAAYEKRAMAVSAAFRAKQASPAAKARALFENRRHAIIASHECQHEEDLFVRFPKLSAAYMMGKTEAMRTCSRYVVPDSLEEEYMAASVDRQMKERACPGGVYASSCVEGNAKGQAEQARVAALATAFRSAQKSASKTTAERYSSAAYGRDHFAHGCSYEESVFNTYPATAAAMRSKSYNY,5,-62,0,0,gamma2,42.18835808
29123.01,17793520,20,3,0.1084,0.0466,1656-1760,3.155-3.354,3.204,>gamma1minus97residues5peb1Ox,92.60375215,29125.7069,LGTLKRSKDPSGLRLGFYGRKADDFMARSIAMQAKASAAGSGVYTTQCSEGASKGMAENARTASLAKQFRQAQRSAREMSFDYYEGRKYAMKAVGHICNYEEKIFQQYNKTAAAYVMGKQETLLSCDRYAQPANKAEEYIQKSVQMQMKKRSIPYGVYTTSCADGTVKGMAENARVAKESANFRARQMSAGAKAAARFNARRVANDWHNNGCNYEEKLTSRFPAAASSVRPTTNRY,5,-97,1,0,gamma1,29.76277953
27842.24,17539040,19,6,0.1069,0.0459,1866-2049,3.556-3.904,3.704,>gamma4minus45residues5peb2Ox,28.44383211,27841.44806,ARMAKKTAKQTKNKVDEYMARSVQRQYKQAAVATGVYGTQCTEGTVKGAAEASRSAALSRQFRIKQRSAFSKAHDLFEFRKHAIIAAAGCSYEEKMVTRFPKLAAAMVLGQTEMMRTCSRYVVPESVEEEYMAASVDKQMKRRGAPGGVYSLSCAEGVAKGQAEIARVSALGAAYRAASKSASAVTAERYNSMAYGRVHFAHGCSYEEQQFNKYPAAAAAMRSDSYGY,5,-45,2,0,gamma4,9.362528512
29108.41,17188450,19,3,0.1047,0.045,1577-1681,3.004-3.203,3.104,>gamma1minus97residues5peb,44.57474661,29109.7075,LGTLKRSKDPSGLRLGFYGRKADDFMARSIAMQAKASAAGSGVYTTQCSEGASKGMAENARTASLAKQFRQAQRSAREMSFDYYEGRKYAMKAVGHICNYEEKIFQQYNKTAAAYVMGKQETLLSCDRYAQPANKAEEYIQKSVQMQMKKRSIPYGVYTTSCADGTVKGMAENARVAKESANFRARQMSAGAKAAARFNARRVANDWHNNGCNYEEKLTSRFPAAASSVRPTTNRY,5,-97,0,0,gamma1,28.75069395
27481.77,16443870,19,6,0.1002,0.0431,1866-2049,3.556-3.904,3.754,>gamma4minus48residues5peb2Ox,44.29045145,27482.98718,AKKTAKQTKNKVDEYMARSVQRQYKQAAVATGVYGTQCTEGTVKGAAEASRSAALSRQFRIKQRSAFSKAHDLFEFRKHAIIAAAGCSYEEKMVTRFPKLAAAMVLGQTEMMRTCSRYVVPESVEEEYMAASVDKQMKRRGAPGGVYSLSCAEGVAKGQAEIARVSALGAAYRAASKSASAVTAERYNSMAYGRVHFAHGCSYEEQQFNKYPAAAAAMRSDSYGY,5,-48,2,0,gamma4,8.777914967
27718.63,16347840,16,6,0.0996,0.0428,1656-2049,3.155-3.904,3.354,>gamma2minus65residues5peb2Ox,15.43799243,27719.05792,NKSQAKKILEKADEFFARSVTMQYKAFACPNGVYDIQCTEGTVKGAAYEKRAMAVSAAFRAKQASPAAKARALFENRRHAIIASHECQHEEDLFVRFPKLSAAYMMGKTEAMRTCSRYVVPDSLEEEYMAASVDRQMKERACPGGVYASSCVEGNAKGQAEQARVAALATAFRSAQKSASKTTAERYSSAAYGRDHFAHGCSYEESVFNTYPATAAAMRSKSYNY,5,-65,2,0,gamma2,36.4059891
27913.08,15625630,20,4,0.0952,0.0409,1866-1996,3.556-3.803,3.704,>gamma4minus44residues5peb1Ox,19.84732606,27912.526,SARMAKKTAKQTKNKVDEYMARSVQRQYKQAAVATGVYGTQCTEGTVKGAAEASRSAALSRQFRIKQRSAFSKAHDLFEFRKHAIIAAAGCSYEEKMVTRFPKLAAAMVLGQTEMMRTCSRYVVPESVEEEYMAASVDKQMKRRGAPGGVYSLSCAEGVAKGQAEIARVSALGAAYRAASKSASAVTAERYNSMAYGRVHFAHGCSYEEQQFNKYPAAAAAMRSDSYGY,5,-44,1,0,gamma4,8.34112964
20312.7,13591880,12,6,0.0828,0.0356,6238-6421,11.860-12.200,12.15,>betaminus0residues3peb,66.54260635,20314.05166,MLDAFSRVVVNSDAKAAYVGGSDLQALKSFIADGNKRLDAVNSIVSNASCMVSDAVSGMICENPGLISPGGNCYTNRRMAACLRDGEIILRYVSYALLAGDASVLEDRCLNGLKETYIALGVPTNSSIRAVSIMKAQAVAFITNTATERKMSFAAGDCTSLASEVASYFDRVGAAIS,3,0,0,0,beta,0.162223542
26390.82,13021750,17,3,0.0793,0.0341,2181-2285,4.155-4.353,4.254,>gamma3minus64residues3peb2Ox,36.51118078,26391.78356,KVTKKNVNKALDKADMFFAKSVTMEGKAAAIPYGVYGIQCMEGSAKGMAHEKRAMALSAAFRMNQRSAAEKTGAMYENRRLALILAQNDHQEKQYIKYPKLAAAALMASTEVTRACQRYAVPESIEEEFLAASVDKVNKMRGTTASGVYKSSCVEGNAKGQAEQARVAALAVAFRSAQKSASQFAAERYAQSKYGRDLFSSTHFEEGYANTYPAMAAAKRASSYGY,3,-64,2,0,gamma3,100
27630,10554430,16,6,0.0643,0.0276,1840-2022,3.506-3.853,3.754,>gamma4minus47residues5peb3Ox,6.647846544,27630.18368,MAKKTAKQTKNKVDEYMARSVQRQYKQAAVATGVYGTQCTEGTVKGAAEASRSAALSRQFRIKQRSAFSKAHDLFEFRKHAIIAAAGCSYEEKMVTRFPKLAAAMVLGQTEMMRTCSRYVVPESVEEEYMAASVDKQMKRRGAPGGVYSLSCAEGVAKGQAEIARVSALGAAYRAASKSASAVTAERYNSMAYGRVHFAHGCSYEEQQFNKYPAAAAAMRSDSYGY,5,-47,3,0,gamma4,5.634068444
28755.35,8755906,14,5,0.0533,0.0229,1577-1733,3.004-3.302,3.204,>gamma2minus61residues6peb,33.65773673,28756.31784,RVARNKSQAKKILEKADEFFARSVTMQYKAFACPNGVYDIQCTEGTVKGAAYEKRAMAVSAAFRAKQASPAAKARALFENRRHAIIASHECQHEEDLFVRFPKLSAAYMMGKTEAMRTCSRYVVPDSLEEEYMAASVDRQMKERACPGGVYASSCVEGNAKGQAEQARVAALATAFRSAQKSASKTTAERYSSAAYGRDHFAHGCSYEESVFNTYPATAAAMRSKSYNY,6,-61,0,0,gamma2,19.49905421
28044.51,8552927,14,4,0.0521,0.0224,1656-1786,3.155-3.403,3.304,>gamma2minus62residues5peb2Ox,33.61798798,28045.4528,VARNKSQAKKILEKADEFFARSVTMQYKAFACPNGVYDIQCTEGTVKGAAYEKRAMAVSAAFRAKQASPAAKARALFENRRHAIIASHECQHEEDLFVRFPKLSAAYMMGKTEAMRTCSRYVVPDSLEEEYMAASVDRQMKERACPGGVYASSCVEGNAKGQAEQARVAALATAFRSAQKSASKTTAERYSSAAYGRDHFAHGCSYEESVFNTYPATAAAMRSKSYNY,5,-62,2,0,gamma2,19.04702805
27328.65,8444204,19,6,0.0514,0.0221,1892-2521,3.605-4.803,4.203,>gamma2minus63residues4peb,36.77825286,27327.6449,ARNKSQAKKILEKADEFFARSVTMQYKAFACPNGVYDIQCTEGTVKGAAYEKRAMAVSAAFRAKQASPAAKARALFENRRHAIIASHECQHEEDLFVRFPKLSAAYMMGKTEAMRTCSRYVVPDSLEEEYMAASVDRQMKERACPGGVYASSCVEGNAKGQAEQARVAALATAFRSAQKSASKTTAERYSSAAYGRDHFAHGCSYEESVFNTYPATAAAMRSKSYNY,4,-63,0,0,gamma2,18.80490626
25934.68,8101637,16,4,0.0494,0.0212,2102-2338,4.004-4.454,4.354,>gamma3minus68residues3peb2Ox,20.19766583,25935.20382,KNVNKALDKADMFFAKSVTMEGKAAAIPYGVYGIQCMEGSAKGMAHEKRAMALSAAFRMNQRSAAEKTGAMYENRRLALILAQNDHQEKQYIKYPKLAAAALMASTEVTRACQRYAVPESIEEEFLAASVDKVNKMRGTTASGVYKSSCVEGNAKGQAEQARVAALAVAFRSAQKSASQFAAERYAQSKYGRDLFSSTHFEEGYANTYPAMAAAKRASSYGY,3,-68,2,0,gamma3,62.21619214
26262.24,7299637,16,8,0.0445,0.0191,1971-2311,3.756-4.403,4.304,>gamma3minus65residues3peb2Ox,52.21184484,26263.6112,VTKKNVNKALDKADMFFAKSVTMEGKAAAIPYGVYGIQCMEGSAKGMAHEKRAMALSAAFRMNQRSAAEKTGAMYENRRLALILAQNDHQEKQYIKYPKLAAAALMASTEVTRACQRYAVPESIEEEFLAASVDKVNKMRGTTASGVYKSSCVEGNAKGQAEQARVAALAVAFRSAQKSASQFAAERYAQSKYGRDLFSSTHFEEGYANTYPAMAAAKRASSYGY,3,-65,2,0,gamma3,56.05726573
27874.32,7030399,16,3,0.0428,0.0184,1656-1760,3.155-3.354,3.254,>gamma2minus64residues5peb2Ox,33.14018064,27875.24376,RNKSQAKKILEKADEFFARSVTMQYKAFACPNGVYDIQCTEGTVKGAAYEKRAMAVSAAFRAKQASPAAKARALFENRRHAIIASHECQHEEDLFVRFPKLSAAYMMGKTEAMRTCSRYVVPDSLEEEYMAASVDRQMKERACPGGVYASSCVEGNAKGQAEQARVAALATAFRSAQKSASKTTAERYSSAAYGRDHFAHGCSYEESVFNTYPATAAAMRSKSYNY,5,-64,2,0,gamma2,15.65641879
26063.34,6426348,16,4,0.0392,0.0168,2181-2311,4.155-4.403,4.304,>gamma3minus67residues3peb2Ox,1.388156698,26063.37618,KKNVNKALDKADMFFAKSVTMEGKAAAIPYGVYGIQCMEGSAKGMAHEKRAMALSAAFRMNQRSAAEKTGAMYENRRLALILAQNDHQEKQYIKYPKLAAAALMASTEVTRACQRYAVPESIEEEFLAASVDKVNKMRGTTASGVYKSSCVEGNAKGQAEQARVAALAVAFRSAQKSASQFAAERYAQSKYGRDLFSSTHFEEGYANTYPAMAAAKRASSYGY,3,-67,2,0,gamma3,49.35087834
27181.67,6122228,16,3,0.0373,0.016,2102-2206,4.004-4.203,4.154,>gamma2minus59residues3peb,7.560241884,27181.4645,NARVARNKSQAKKILEKADEFFARSVTMQYKAFACPNGVYDIQCTEGTVKGAAYEKRAMAVSAAFRAKQASPAAKARALFENRRHAIIASHECQHEEDLFVRFPKLSAAYMMGKTEAMRTCSRYVVPDSLEEEYMAASVDRQMKERACPGGVYASSCVEGNAKGQAEQARVAALATAFRSAQKSASKTTAERYSSAAYGRDHFAHGCSYEESVFNTYPATAAAMRSKSYNY,3,-59,0,0,gamma2,13.63395811
26374.43,6078251,17,4,0.037,0.0159,2207-2364,4.204-4.503,4.304,>gamma3minus64residues3peb1Ox,51.34366885,26375.78416,KVTKKNVNKALDKADMFFAKSVTMEGKAAAIPYGVYGIQCMEGSAKGMAHEKRAMALSAAFRMNQRSAAEKTGAMYENRRLALILAQNDHQEKQYIKYPKLAAAALMASTEVTRACQRYAVPESIEEEFLAASVDKVNKMRGTTASGVYKSSCVEGNAKGQAEQARVAALAVAFRSAQKSASQFAAERYAQSKYGRDLFSSTHFEEGYANTYPAMAAAKRASSYGY,3,-64,1,0,gamma3,46.67768157
27312.17,5059380,13,4,0.0308,0.0133,2128-2259,4.055-4.304,4.203,>gamma4minus44residues4peb,84.99507729,27309.8486,SARMAKKTAKQTKNKVDEYMARSVQRQYKQAAVATGVYGTQCTEGTVKGAAEASRSAALSRQFRIKQRSAFSKAHDLFEFRKHAIIAAAGCSYEEKMVTRFPKLAAAMVLGQTEMMRTCSRYVVPESVEEEYMAASVDKQMKRRGAPGGVYSLSCAEGVAKGQAEIARVSALGAAYRAASKSASAVTAERYNSMAYGRVHFAHGCSYEEQQFNKYPAAAAAMRSDSYGY,4,-44,0,0,gamma4,2.700751552
27443.47,4716407,15,3,0.0287,0.0124,1971-2101,3.756-4.002,3.904,>gamma2minus62residues4peb1Ox,25.31021041,27442.7754,VARNKSQAKKILEKADEFFARSVTMQYKAFACPNGVYDIQCTEGTVKGAAYEKRAMAVSAAFRAKQASPAAKARALFENRRHAIIASHECQHEEDLFVRFPKLSAAYMMGKTEAMRTCSRYVVPDSLEEEYMAASVDRQMKERACPGGVYASSCVEGNAKGQAEQARVAALATAFRSAQKSASKTTAERYSSAAYGRDHFAHGCSYEESVFNTYPATAAAMRSKSYNY,4,-62,1,0,gamma2,10.50325069
27753.28,4559408,15,4,0.0278,0.0119,2444-2574,4.656-4.903,4.804,>gamma4minus46residues5peb1Ox,39.30057997,27754.37072,RMAKKTAKQTKNKVDEYMARSVQRQYKQAAVATGVYGTQCTEGTVKGAAEASRSAALSRQFRIKQRSAFSKAHDLFEFRKHAIIAAAGCSYEEKMVTRFPKLAAAMVLGQTEMMRTCSRYVVPESVEEEYMAASVDKQMKRRGAPGGVYSLSCAEGVAKGQAEIARVSALGAAYRAASKSASAVTAERYNSMAYGRVHFAHGCSYEEQQFNKYPAAAAAMRSDSYGY,5,-46,1,0,gamma4,2.433861112
26854.58,4058033,16,5,0.0247,0.0106,2155-2338,4.106-4.454,4.254,>gamma2minus62residues3peb1Ox,56.50432813,26856.0974,VARNKSQAKKILEKADEFFARSVTMQYKAFACPNGVYDIQCTEGTVKGAAYEKRAMAVSAAFRAKQASPAAKARALFENRRHAIIASHECQHEEDLFVRFPKLSAAYMMGKTEAMRTCSRYVVPDSLEEEYMAASVDRQMKERACPGGVYASSCVEGNAKGQAEQARVAALATAFRSAQKSASKTTAERYSSAAYGRDHFAHGCSYEESVFNTYPATAAAMRSKSYNY,3,-62,1,0,gamma2,9.037077997
28183.77,3957234,15,3,0.0241,0.0104,1708-1996,3.254-3.803,3.354,>gamma2minus61residues5peb1Ox,66.32327755,28185.63924,RVARNKSQAKKILEKADEFFARSVTMQYKAFACPNGVYDIQCTEGTVKGAAYEKRAMAVSAAFRAKQASPAAKARALFENRRHAIIASHECQHEEDLFVRFPKLSAAYMMGKTEAMRTCSRYVVPDSLEEEYMAASVDRQMKERACPGGVYASSCVEGNAKGQAEQARVAALATAFRSAQKSASKTTAERYSSAAYGRDHFAHGCSYEESVFNTYPATAAAMRSKSYNY,5,-61,1,0,gamma2,8.812602635
25950.46,3808183,14,3,0.0232,0.01,2102-2285,4.004-4.353,4.054,>gamma3minus68residues3peb3Ox,28.63995474,25951.20322,KNVNKALDKADMFFAKSVTMEGKAAAIPYGVYGIQCMEGSAKGMAHEKRAMALSAAFRMNQRSAAEKTGAMYENRRLALILAQNDHQEKQYIKYPKLAAAALMASTEVTRACQRYAVPESIEEEFLAASVDKVNKMRGTTASGVYKSSCVEGNAKGQAEQARVAALAVAFRSAQKSASQFAAERYAQSKYGRDLFSSTHFEEGYANTYPAMAAAKRASSYGY,3,-68,3,0,gamma3,29.24478661
27394.51,3781834,16,6,0.023,0.0099,1945-2469,3.705-4.703,4.304,>gamma4minus49residues5peb1Ox,51.0992896,27395.90984,KKTAKQTKNKVDEYMARSVQRQYKQAAVATGVYGTQCTEGTVKGAAEASRSAALSRQFRIKQRSAFSKAHDLFEFRKHAIIAAAGCSYEEKMVTRFPKLAAAMVLGQTEMMRTCSRYVVPESVEEEYMAASVDKQMKRRGAPGGVYSLSCAEGVAKGQAEIARVSALGAAYRAASKSASAVTAERYNSMAYGRVHFAHGCSYEEQQFNKYPAAAAAMRSDSYGY,5,-49,1,0,gamma4,2.018783734
27460.97,3605786,15,5,0.022,0.0094,1945-2101,3.705-4.002,3.904,>gamma2minus62residues4peb2Ox,79.93890966,27458.7748,VARNKSQAKKILEKADEFFARSVTMQYKAFACPNGVYDIQCTEGTVKGAAYEKRAMAVSAAFRAKQASPAAKARALFENRRHAIIASHECQHEEDLFVRFPKLSAAYMMGKTEAMRTCSRYVVPDSLEEEYMAASVDRQMKERACPGGVYASSCVEGNAKGQAEQARVAALATAFRSAQKSASKTTAERYSSAAYGRDHFAHGCSYEESVFNTYPATAAAMRSKSYNY,4,-62,2,0,gamma2,8.029941925
25918.28,3074051,15,3,0.0187,0.0081,2260-2364,4.306-4.503,4.405,>gamma3minus68residues3peb1Ox,35.66671862,25919.20442,KNVNKALDKADMFFAKSVTMEGKAAAIPYGVYGIQCMEGSAKGMAHEKRAMALSAAFRMNQRSAAEKTGAMYENRRLALILAQNDHQEKQYIKYPKLAAAALMASTEVTRACQRYAVPESIEEEFLAASVDKVNKMRGTTASGVYKSSCVEGNAKGQAEQARVAALAVAFRSAQKSASQFAAERYAQSKYGRDLFSSTHFEEGYANTYPAMAAAKRASSYGY,3,-68,1,0,gamma3,23.60704974
28011.72,2935396,15,3,0.0179,0.0077,1945-2049,3.705-3.904,3.804,>gamma2minus62residues5peb,61.90266074,28013.454,VARNKSQAKKILEKADEFFARSVTMQYKAFACPNGVYDIQCTEGTVKGAAYEKRAMAVSAAFRAKQASPAAKARALFENRRHAIIASHECQHEEDLFVRFPKLSAAYMMGKTEAMRTCSRYVVPDSLEEEYMAASVDRQMKERACPGGVYASSCVEGNAKGQAEQARVAALATAFRSAQKSASKTTAERYSSAAYGRDHFAHGCSYEESVFNTYPATAAAMRSKSYNY,5,-62,0,0,gamma2,6.537010074
27459.77,2745733,16,4,0.0167,0.0072,1866-2127,3.556-4.053,3.954,>gamma2minus62residues4peb2Ox,36.24210982,27458.7748,VARNKSQAKKILEKADEFFARSVTMQYKAFACPNGVYDIQCTEGTVKGAAYEKRAMAVSAAFRAKQASPAAKARALFENRRHAIIASHECQHEEDLFVRFPKLSAAYMMGKTEAMRTCSRYVVPDSLEEEYMAASVDRQMKERACPGGVYASSCVEGNAKGQAEQARVAALATAFRSAQKSASKTTAERYSSAAYGRDHFAHGCSYEESVFNTYPATAAAMRSKSYNY,4,-62,2,0,gamma2,6.114638121
27179.51,2719391,12,3,0.0166,0.0071,2181-2311,4.155-4.403,4.203,>gamma1minus99residues2peb,1.675526895,27179.46446,TLKRSKDPSGLRLGFYGRKADDFMARSIAMQAKASAAGSGVYTTQCSEGASKGMAENARTASLAKQFRQAQRSAREMSFDYYEGRKYAMKAVGHICNYEEKIFQQYNKTAAAYVMGKQETLLSCDRYAQPANKAEEYIQKSVQMQMKKRSIPYGVYTTSCADGTVKGMAENARVAKESANFRARQMSAGAKAAARFNARRVANDWHNNGCNYEEKLTSRFPAAASSVRPTTNRY,2,-99,0,0,gamma1,4.548657871
29270.65,2698058,15,3,0.0164,0.0071,1682-1865,3.205-3.554,3.254,>gamma1minus96residues5peb1Ox,76.21286169,29272.8808,FLGTLKRSKDPSGLRLGFYGRKADDFMARSIAMQAKASAAGSGVYTTQCSEGASKGMAENARTASLAKQFRQAQRSAREMSFDYYEGRKYAMKAVGHICNYEEKIFQQYNKTAAAYVMGKQETLLSCDRYAQPANKAEEYIQKSVQMQMKKRSIPYGVYTTSCADGTVKGMAENARVAKESANFRARQMSAGAKAAARFNARRVANDWHNNGCNYEEKLTSRFPAAASSVRPTTNRY,5,-96,1,0,gamma1,4.512974691
27467.84,2441639,17,5,0.0149,0.0064,2312-2495,4.405-4.753,4.704,>gamma4minus48residues5peb1Ox,31.0261018,27466.98778,AKKTAKQTKNKVDEYMARSVQRQYKQAAVATGVYGTQCTEGTVKGAAEASRSAALSRQFRIKQRSAFSKAHDLFEFRKHAIIAAAGCSYEEKMVTRFPKLAAAMVLGQTEMMRTCSRYVVPESVEEEYMAASVDKQMKRRGAPGGVYSLSCAEGVAKGQAEIARVSALGAAYRAASKSASAVTAERYNSMAYGRVHFAHGCSYEEQQFNKYPAAAAAMRSDSYGY,5,-48,1,0,gamma4,1.303373204
26046.83,2228538,13,3,0.0136,0.0058,2233-2338,4.254-4.454,4.354,>gamma3minus67residues3peb1Ox,20.99218984,26047.37678,KKNVNKALDKADMFFAKSVTMEGKAAAIPYGVYGIQCMEGSAKGMAHEKRAMALSAAFRMNQRSAAEKTGAMYENRRLALILAQNDHQEKQYIKYPKLAAAALMASTEVTRACQRYAVPESIEEEFLAASVDKVNKMRGTTASGVYKSSCVEGNAKGQAEQARVAALAVAFRSAQKSASQFAAERYAQSKYGRDLFSSTHFEEGYANTYPAMAAAKRASSYGY,3,-67,1,0,gamma3,17.11396702
25806.52,2025447,12,3,0.0123,0.0053,2260-2364,4.306-4.503,4.405,>gamma3minus64residues2peb2Ox,54.80940476,25805.10556,KVTKKNVNKALDKADMFFAKSVTMEGKAAAIPYGVYGIQCMEGSAKGMAHEKRAMALSAAFRMNQRSAAEKTGAMYENRRLALILAQNDHQEKQYIKYPKLAAAALMASTEVTRACQRYAVPESIEEEFLAASVDKVNKMRGTTASGVYKSSCVEGNAKGQAEQARVAALAVAFRSAQKSASQFAAERYAQSKYGRDLFSSTHFEEGYANTYPAMAAAKRASSYGY,2,-64,2,0,gamma3,15.55433793
28168.98,1861768,16,3,0.0113,0.0049,1866-1996,3.556-3.803,3.604,>gamma2minus61residues5peb,23.42434834,28169.63984,RVARNKSQAKKILEKADEFFARSVTMQYKAFACPNGVYDIQCTEGTVKGAAYEKRAMAVSAAFRAKQASPAAKARALFENRRHAIIASHECQHEEDLFVRFPKLSAAYMMGKTEAMRTCSRYVVPDSLEEEYMAASVDRQMKERACPGGVYASSCVEGNAKGQAEQARVAALATAFRSAQKSASKTTAERYSSAAYGRDHFAHGCSYEESVFNTYPATAAAMRSKSYNY,5,-61,0,0,gamma2,4.146083245
27720.18,1076155,14,3,0.0066,0.0028,1787-1917,3.405-3.652,3.454,>gamma2minus65residues5peb2Ox,40.47881363,27719.05792,NKSQAKKILEKADEFFARSVTMQYKAFACPNGVYDIQCTEGTVKGAAYEKRAMAVSAAFRAKQASPAAKARALFENRRHAIIASHECQHEEDLFVRFPKLSAAYMMGKTEAMRTCSRYVVPDSLEEEYMAASVDRQMKERACPGGVYASSCVEGNAKGQAEQARVAALATAFRSAQKSASKTTAERYSSAAYGRDHFAHGCSYEESVFNTYPATAAAMRSKSYNY,5,-65,2,0,gamma2,2.396554358
